id;name;type
1;3618416016871404850.png;image/png
2;7161062496062682417.png;image/png
3;4122032131691274547.png;image/png
4;3474020445478544440.jpg;image/jpeg
5;7077465317826978658.png;image/png
6;3703475361660942435.png;image/png
7;3991937709032825907.png;image/png
8;7161908003257792820.png;image/png
9;7221350707186906167.png;image/png
10;4049408292691195490.png;image/png
11;4123099769527821873.png;image/png
12;4123098443208077364.png;image/png
13;4062863919245832545.png;image/png
14;3631653256287040313.png;image/png
15;3486124972512196401.png;image/png
16;7076673870462739512.png;image/png
